id,first_name,last_name,email,gender,ip_address
1,Phedra,Peasby,ppeasby0@biblegateway.com,Agender,70.93.125.6
2,Meggy,Yuranovev,myuranovev1@netscape.com,Female,58.124.122.7
3,Kilian,Wulfinger,kwulfinger2@pcworld.com,Male,248.164.170.15
4,Jo-anne,Rief,jrief3@google.com.au,Female,46.115.36.239
5,Rubia,Hairsnape,rhairsnape4@eventbrite.com,Female,199.122.61.205
6,Abigael,McWaters,amcwaters5@shutterfly.com,Female,17.30.173.190
7,Sibbie,Wooder,swooder6@economist.com,Female,153.161.2.188
8,Skippie,Renny,srenny7@w3.org,Male,229.169.129.225
9,Carleton,Urch,curch8@mysql.com,Male,40.187.91.207
10,Gabie,Outram,goutram9@theglobeandmail.com,Female,209.187.180.80
11,Rosina,Dobbin,rdobbina@nps.gov,Female,59.175.39.85
12,Marna,Ciobutaru,mciobutarub@biblegateway.com,Female,165.53.146.239
13,Ted,Dary,tdaryc@arstechnica.com,Male,199.208.152.79
14,Chance,Hupe,chuped@si.edu,Male,241.141.251.205
15,Cy,Jeanel,cjeanele@ibm.com,Male,95.41.146.35
16,Letti,Pestricke,lpestrickef@ehow.com,Female,221.107.155.177
17,Jacquetta,Aberchirder,jaberchirderg@pinterest.com,Female,122.74.249.70
18,Westbrook,Shattock,wshattockh@chicagotribune.com,Male,226.23.172.128
19,Bernhard,Dinley,bdinleyi@spiegel.de,Male,32.247.38.125
20,Joycelin,Havercroft,jhavercroftj@icio.us,Bigender,153.240.129.144
21,Rudy,Buscher,rbuscherk@alibaba.com,Male,8.4.164.25
22,Carrol,Sommerled,csommerledl@unc.edu,Male,94.191.255.100
23,Imogen,Loyley,iloyleym@xinhuanet.com,Genderfluid,152.243.113.50
24,Kain,Timperley,ktimperleyn@edublogs.org,Male,227.150.122.99
25,Bert,Cuskery,bcuskeryo@naver.com,Female,88.13.164.205
26,Quintilla,Fernley,qfernleyp@typepad.com,Genderfluid,164.68.243.250
27,Alair,Yesson,ayessonq@scientificamerican.com,Male,65.77.150.45
28,Tobe,Dedham,tdedhamr@cbslocal.com,Female,191.120.30.229
29,Aveline,Blazej,ablazejs@reddit.com,Female,213.124.112.211
30,Karola,Aurelius,kaureliust@skyrock.com,Female,81.34.43.89
31,Cobby,Emanuelli,cemanuelliu@printfriendly.com,Male,133.94.170.25
32,Holly-anne,Aindrais,haindraisv@alexa.com,Female,173.204.147.204
33,Rossie,Marquis,rmarquisw@wikipedia.org,Male,246.187.98.186
34,Kathryn,Durrell,kdurrellx@goo.gl,Female,31.58.24.93
35,Matteo,Orrell,morrelly@wix.com,Male,217.99.204.223
36,Tallou,Josskovitz,tjosskovitzz@examiner.com,Female,193.136.6.216
37,Gavan,Lashbrook,glashbrook10@w3.org,Male,164.158.158.248
38,Leia,Kirkman,lkirkman11@mozilla.com,Female,109.107.211.248
39,Virginie,Revey,vrevey12@illinois.edu,Genderqueer,151.5.173.184
40,Colver,Clitsome,cclitsome13@sogou.com,Male,2.21.97.187
41,Holli,Guarin,hguarin14@networkadvertising.org,Female,118.240.40.65
42,Constance,McGinny,cmcginny15@state.tx.us,Female,110.136.51.62
43,Annamarie,Maffioletti,amaffioletti16@statcounter.com,Female,214.132.16.207
44,Kilian,Moxstead,kmoxstead17@techcrunch.com,Genderfluid,151.14.24.218
45,Davidde,Gurko,dgurko18@last.fm,Male,96.241.112.250
46,Steffen,Dickon,sdickon19@joomla.org,Male,72.22.186.113
47,Huntley,Sorensen,hsorensen1a@uol.com.br,Male,142.110.111.148
48,Bruce,Blinco,bblinco1b@gizmodo.com,Male,99.69.184.146
49,Nelli,Todaro,ntodaro1c@yahoo.com,Female,15.184.79.35
50,Bethanne,Woodman,bwoodman1d@1und1.de,Female,46.180.254.43
51,Andrey,Scandrett,ascandrett1e@meetup.com,Male,96.229.162.81
52,Ingaborg,Jaray,ijaray1f@senate.gov,Female,145.252.55.137
53,Raimondo,Behrendsen,rbehrendsen1g@toplist.cz,Male,121.47.39.15
54,Isa,Prevost,iprevost1h@xing.com,Male,195.254.131.189
55,Hatty,Freak,hfreak1i@dagondesign.com,Genderqueer,108.228.100.34
56,Ilsa,Niblo,iniblo1j@forbes.com,Female,131.145.130.111
57,Allie,Churn,achurn1k@who.int,Male,59.240.209.207
58,Brendon,Josefsson,bjosefsson1l@pen.io,Male,166.149.64.102
59,Sebastian,Flawn,sflawn1m@vimeo.com,Male,101.99.42.62
60,Cort,Kensy,ckensy1n@last.fm,Male,154.94.150.230
61,Shaun,Boyles,sboyles1o@free.fr,Female,45.71.107.134
62,Arv,Van der Brug,avanderbrug1p@1688.com,Male,122.167.132.84
63,Alyssa,Smitherham,asmitherham1q@gravatar.com,Female,214.146.8.95
64,Kim,Beaufoy,kbeaufoy1r@uol.com.br,Male,27.41.200.50
65,Orv,Maytom,omaytom1s@vinaora.com,Male,150.133.232.99
66,Darcy,De Cleyne,ddecleyne1t@google.co.uk,Female,33.112.159.14
67,Tova,Geri,tgeri1u@sina.com.cn,Genderqueer,233.217.125.105
68,Johann,Tourville,jtourville1v@domainmarket.com,Male,156.219.190.58
69,Aila,Ewbanks,aewbanks1w@webnode.com,Female,122.122.118.245
70,Chip,Andrys,candrys1x@reference.com,Male,123.85.43.50
71,Deva,Rowledge,drowledge1y@economist.com,Genderqueer,62.230.119.143
72,Amalia,Cantillon,acantillon1z@ed.gov,Female,106.161.26.138
73,Tanner,Hargrove,thargrove20@behance.net,Male,52.182.230.196
74,Amalee,Grigg,agrigg21@yale.edu,Female,148.4.203.226
75,Maje,Rohloff,mrohloff22@nyu.edu,Male,31.114.44.218
76,Elisa,McNeilley,emcneilley23@twitpic.com,Female,12.58.173.19
77,Emelina,Apedaile,eapedaile24@cbslocal.com,Female,154.217.208.158
78,Jemmy,Hirtzmann,jhirtzmann25@seattletimes.com,Female,169.129.1.49
79,Bernhard,Linfitt,blinfitt26@deliciousdays.com,Male,58.1.101.133
80,Chrisse,Lemasney,clemasney27@ocn.ne.jp,Agender,237.185.25.234
81,Russell,Hamil,rhamil28@miibeian.gov.cn,Genderfluid,193.40.26.250
82,Vinita,Snowding,vsnowding29@addtoany.com,Genderfluid,234.55.121.48
83,Karlotte,Bresner,kbresner2a@wiley.com,Female,234.149.176.109
84,Rolfe,Oganesian,roganesian2b@google.com.br,Male,170.126.242.79
85,Fayina,Spring,fspring2c@chron.com,Female,14.140.176.55
86,Ladonna,Pleasaunce,lpleasaunce2d@icio.us,Female,149.225.134.244
87,Gael,Josskoviz,gjosskoviz2e@ebay.com,Polygender,225.169.9.251
88,Alica,Tureville,atureville2f@cyberchimps.com,Female,145.173.173.5
89,Christoper,Wilkinson,cwilkinson2g@purevolume.com,Male,49.21.74.78
90,Moshe,Priel,mpriel2h@yolasite.com,Male,80.78.123.117
91,Gussi,Dumsday,gdumsday2i@wikimedia.org,Female,123.159.226.75
92,Alberto,Dunnan,adunnan2j@google.co.uk,Male,66.95.32.118
93,Gabe,Pioli,gpioli2k@symantec.com,Male,7.23.104.50
94,Sully,Warrillow,swarrillow2l@youtu.be,Male,196.95.166.43
95,Waylon,Counter,wcounter2m@noaa.gov,Male,154.25.27.199
96,Grover,Morales,gmorales2n@smugmug.com,Male,118.42.131.22
97,Horatia,Slowan,hslowan2o@xrea.com,Female,101.183.45.141
98,Caryl,Fairbourn,cfairbourn2p@usatoday.com,Female,87.255.156.207
99,Tamiko,Camidge,tcamidge2q@wikia.com,Female,109.232.128.251
100,Karim,Giacobazzi,kgiacobazzi2r@disqus.com,Male,157.211.172.17
